Date,LieuAM,ModuleAM,ECAM,IntervenantAM,AMdeb,AMfin,LieuPM1,ModulePM1,ECPM1,IntervenantPM1,PM1deb,PM1fin,LieuPM2,ModulePM2,ECPM2,IntervenantPM2,PM2deb,PM2fin
21/09/13,?,,VACANCES,Aucun,09:00:00,12:00:00,?,,VACANCES,Aucun,12:00:00,15:00:00,?,,,,,
23/09/13,P8 A175,,UE1-EC2,Szoniecky,09:30:00,12:30:00,P8 A175,,UE1-EC2,Szoniecky,12:30:00,15:30:00,P8 A175,,,,,
24/09/13,?,,,,09:00:00,12:00:00,P8 A148,,,,12:00:00,15:00:00,?,,,,,
25/09/13,?,,,,09:00:00,12:00:00,PREF A4,,,,12:00:00,15:00:00,?,,,,,
26/09/13,?,,UE4-EC1,Entreprise,09:00:00,12:00:00,?,,UE4-EC2,Entreprise,12:00:00,15:00:00,?,,UE4-EC2,Entreprise,15:00:00,18:00:00
27/09/13,?,,UE4-EC1,Entreprise,09:00:00,12:00:00,?,,UE4-EC2,Entreprise,12:00:00,15:00:00,?,,UE4-EC2,Entreprise,15:00:00,18:00:00
28/09/13,?,,,,09:00:00,12:00:00,?,,,,12:00:00,15:00:00,?,,,,,
29/09/13,?,,,,09:00:00,12:00:00,?,,,,12:00:00,15:00:00,?,,,,,
30/09/13,P8 A175,,UE5_2-EC2,Nyeki,10:00:00,13:00:00,P8 A175,,UE5_2-EC2,Nyeki,13:00:00,16:00:00,P8 A175,,,,,
01/10/13,P8 A281,,UE2-EC2,Bouhai,09:00:00,12:00:00,P8 A148,,UE3-EC1,Kahtane,12:00:00,15:00:00,P8 A148,,,,15:00:00,18:00:00
02/10/13,P8 A148,,,,09:00:00,12:00:00,PREF A4,,UE3-EC2,Szoniecky,12:00:00,15:00:00,P8 A148,,,,,
03/10/13,?,,UE4-EC1,Entreprise,09:00:00,12:00:00,?,,UE4-EC2,Entreprise,12:00:00,15:00:00,?,,UE4-EC2,Entreprise,15:00:00,18:00:00
04/10/13,?,,UE4-EC1,Entreprise,09:00:00,12:00:00,?,,UE4-EC2,Entreprise,12:00:00,15:00:00,?,,UE4-EC2,Entreprise,15:00:00,18:00:00
05/10/13,?,,,,09:00:00,12:00:00,?,,,,12:00:00,15:00:00,?,,,,,
06/10/13,?,,,,09:00:00,12:00:00,?,,,,12:00:00,15:00:00,?,,,,,
07/10/13,P8 A175,,UE5_2-EC2,Nyeki,10:00:00,13:00:00,P8 A175,,UE5_2-EC2,Nyeki,13:00:00,16:00:00,P8 A175,,,,15:00:00,18:00:00
08/10/13,P8 A281,,UE2-EC2,Bouhai,09:00:00,12:00:00,P8 A148,,,,12:00:00,15:00:00,P8 A148,,UE2-EC3,Zivancevic,15:00:00,18:00:00
09/10/13,P8 A148,,,,09:00:00,12:00:00,IMA,,UE3-EC2,Szoniecky,14:00:00,17:00:00,P8 A148,,,,,
10/10/13,?,,UE4-EC1,Entreprise,09:00:00,12:00:00,?,,UE4-EC2,Entreprise,12:00:00,15:00:00,?,,UE4-EC2,Entreprise,15:00:00,18:00:00
11/10/13,?,,UE4-EC1,Entreprise,09:00:00,12:00:00,?,,UE4-EC2,Entreprise,12:00:00,15:00:00,?,,UE4-EC2,Entreprise,15:00:00,18:00:00
12/10/13,?,,,,09:00:00,12:00:00,?,,,,12:00:00,15:00:00,?,,,,,
13/10/13,?,,,,09:00:00,12:00:00,?,,,,12:00:00,15:00:00,?,,,,,
14/10/13,?,,,,09:00:00,12:00:00,P8 A175,,UE5_2-EC2,Yacoub,12:00:00,15:00:00,,,,,,
15/10/13,P8 A281,,UE2-EC2,Bouhai,09:00:00,12:00:00,P8 A148,,UE3-EC2,Szoniecky,12:00:00,15:00:00,?,,UE2-EC3,Zivancevic,15:00:00,18:00:00
16/10/13,H2PTM – CNAM,,UE1-EC2,Saleh,09:00:00,12:00:00,PREF A4,,,,12:00:00,15:00:00,H2PTM – CNAM,,UE1-EC2,Saleh,15:00:00,18:00:00
17/10/13,H2PTM – CNAM,,UE1-EC2,Saleh,09:00:00,12:00:00,,,,,12:00:00,15:00:00,H2PTM – CNAM,,UE1-EC2,Saleh,15:00:00,18:00:00
18/10/13,H2PTM – CNAM,,UE1-EC2,Saleh,09:00:00,12:00:00,,,,,12:00:00,15:00:00,H2PTM – CNAM,,UE1-EC2,Saleh,15:00:00,19:00:00
19/10/13,?,,,,09:00:00,12:00:00,?,,,,12:00:00,15:00:00,?,,,,,
20/10/13,?,,,,09:00:00,12:00:00,?,,,,12:00:00,15:00:00,?,,,,,
21/10/13,P8 A175,,,,09:00:00,12:00:00,P8 A175,,UE5_2-EC2,Yacoub,12:00:00,15:00:00,P8 A175,,UE5_2-EC2,Yacoub,15:00:00,18:00:00
22/10/13,P8 A281,,UE2-EC2,Bouhai,09:00:00,12:00:00,P8 A148,,UE3-EC1,Kahtane,12:00:00,15:00:00,P8 A148,,UE2-EC3,Zivancevic,15:00:00,18:00:00
23/10/13,P8 A148,,UE2-EC1,Reyes,09:00:00,13:00:00,PREF A4,,UE5_2-EC4,Szoniecky,12:00:00,15:00:00,P8 A148,,,,,
24/10/13,?,,UE4-EC1,Entreprise,09:00:00,12:00:00,?,,UE4-EC2,Entreprise,12:00:00,15:00:00,?,,UE4-EC2,Entreprise,15:00:00,18:00:00
25/10/13,?,,UE4-EC1,Entreprise,09:00:00,12:00:00,?,,UE4-EC2,Entreprise,12:00:00,15:00:00,?,,UE4-EC2,Entreprise,15:00:00,18:00:00
26/10/13,?,,,,09:00:00,12:00:00,?,,,,12:00:00,15:00:00,?,,,,,
27/10/13,?,,,,09:00:00,12:00:00,?,,,,12:00:00,15:00:00,?,,,,,
28/10/13,?,,VACANCES,Aucun,09:00:00,12:00:00,?,,VACANCES,Aucun,12:00:00,15:00:00,?,,,,,
29/10/13,?,,VACANCES,Aucun,09:00:00,12:00:00,?,,VACANCES,Aucun,12:00:00,15:00:00,?,,,,,
30/10/13,?,,VACANCES,Aucun,09:00:00,12:00:00,?,,VACANCES,Aucun,12:00:00,15:00:00,?,,,,,
31/10/13,?,,VACANCES,Aucun,09:00:00,12:00:00,?,,VACANCES,Aucun,12:00:00,15:00:00,?,,,,,
01/11/13,?,,VACANCES,Aucun,09:00:00,12:00:00,?,,VACANCES,Aucun,12:00:00,15:00:00,?,,,,,
02/11/13,?,,,,09:00:00,12:00:00,?,,,,12:00:00,15:00:00,?,,,,,
03/11/13,?,,,,09:00:00,12:00:00,?,,,,12:00:00,15:00:00,?,,,,,
04/11/13,P8 A175,,UE3-EC1,Kahtane,09:00:00,12:00:00,P8 A175,,UE3-EC1,Kahtane,12:00:00,15:00:00,P8 A175,,UE3-EC1,Kahtane,15:00:00,19:00:00
05/11/13,P8 A281,,UE2-EC2,Bouhai,09:00:00,12:00:00,P8 A148,,,,12:00:00,15:00:00,P8 A148,,UE2-EC3,Zivancevic,15:00:00,18:00:00
06/11/13,P8 A148,,UE2-EC1,Reyes,09:00:00,12:00:00,PREF A4,,,,12:00:00,15:00:00,P8 A148,,UE3-EC2,Szoniecky,15:00:00,18:00:00
07/11/13,?,,UE4-EC1,Entreprise,09:00:00,12:00:00,?,,UE4-EC2,Entreprise,12:00:00,15:00:00,?,,UE4-EC2,Entreprise,15:00:00,18:00:00
08/11/13,?,,UE4-EC1,Entreprise,09:00:00,12:00:00,?,,UE4-EC2,Entreprise,12:00:00,15:00:00,?,,UE4-EC2,Entreprise,15:00:00,18:00:00
09/11/13,?,,,,09:00:00,12:00:00,?,,,,12:00:00,15:00:00,?,,,,,
10/11/13,?,,,,09:00:00,12:00:00,?,,,,12:00:00,15:00:00,?,,,,,
11/11/13,P8 A175,,,,09:00:00,12:00:00,P8 A175,,,,12:00:00,15:00:00,P8 A175,,,,15:00:00,18:00:00
12/11/13,P8 A281,,UE2-EC2,Bouhai,09:00:00,12:00:00,P8 A148,,UE2-EC1,Wertel-Fournier,12:00:00,15:00:00,P8 A148,,UE2-EC3,Zivancevic,15:00:00,18:00:00
13/11/13,P8 A148,,UE5_2-EC4,Szoniecky,09:00:00,12:00:00,PREF A4,,UE3-EC2,Szoniecky,12:00:00,16:00:00,P8 A148,,,,,
14/11/13,?,,UE4-EC1,Entreprise,09:00:00,12:00:00,?,,UE4-EC2,Entreprise,12:00:00,15:00:00,?,,UE4-EC2,Entreprise,15:00:00,18:00:00
15/11/13,?,,UE4-EC1,Entreprise,09:00:00,12:00:00,?,,UE4-EC2,Entreprise,12:00:00,15:00:00,?,,UE4-EC2,Entreprise,15:00:00,18:00:00
16/11/13,?,,,,09:00:00,12:00:00,?,,,,12:00:00,15:00:00,?,,,,,
17/11/13,?,,,,09:00:00,12:00:00,?,,,,12:00:00,15:00:00,?,,,,,
18/11/13,P8 A175,,UE1-EC2,Poitevin,09:00:00,12:00:00,P8 A175,,UE3-EC1,Kahtane,12:00:00,15:00:00,P8 A175,,UE3-EC1,Kahtane,15:00:00,18:00:00
19/11/13,P8 A281,,UE2-EC2,Bouhai,09:00:00,12:00:00,P8 A148,,UE2-EC1,Wertel-Fournier,12:00:00,15:00:00,P8 A148,,UE2-EC3,Zivancevic,15:00:00,18:00:00
20/11/13,P8 A148,,UE2-EC1,Reyes,09:00:00,12:00:00,PREF A4,,UE3-EC2,Szoniecky,12:00:00,15:00:00,P8 A148,,,,,
21/11/13,?,,UE4-EC1,Entreprise,09:00:00,12:00:00,?,,UE4-EC2,Entreprise,12:00:00,15:00:00,?,,UE4-EC2,Entreprise,15:00:00,18:00:00
22/11/13,?,,UE4-EC1,Entreprise,09:00:00,12:00:00,?,,UE4-EC2,Entreprise,12:00:00,15:00:00,?,,UE4-EC2,Entreprise,15:00:00,18:00:00
23/11/13,?,,,,09:00:00,12:00:00,?,,,,12:00:00,15:00:00,?,,,,,
24/11/13,?,,,,09:00:00,12:00:00,?,,,,12:00:00,15:00:00,?,,,,,
25/11/13,P8 A175,,UE1-EC2,Poitevin,09:00:00,12:00:00,P8 A175,,UE3-EC1,Kahtane,12:00:00,15:00:00,P8 A175,,UE3-EC1,Kahtane,15:00:00,18:00:00
26/11/13,P8 A281,,UE2-EC2,Bouhai,09:00:00,12:00:00,P8 A148,,UE2-EC1,Wertel-Fournier,12:00:00,15:00:00,P8 A148,,UE2-EC3,Zivancevic,15:00:00,18:00:00
27/11/13,P8 A148,,,,09:00:00,12:00:00,PREF A4,,,,12:00:00,15:00:00,P8 A148,,,,15:00:00,18:00:00
28/11/13,?,,UE4-EC1,Entreprise,09:00:00,12:00:00,?,,UE4-EC2,Entreprise,12:00:00,15:00:00,?,,UE4-EC2,Entreprise,15:00:00,18:00:00
29/11/13,?,,UE4-EC1,Entreprise,09:00:00,12:00:00,?,,UE4-EC2,Entreprise,12:00:00,15:00:00,?,,UE4-EC2,Entreprise,15:00:00,18:00:00
30/11/13,?,,,,09:00:00,12:00:00,?,,,,12:00:00,15:00:00,?,,,,,
01/12/13,?,,,,09:00:00,12:00:00,?,,,,12:00:00,15:00:00,?,,,,,
02/12/13,P8 A175,,UE1-EC2,Poitevin,09:00:00,12:00:00,P8 A175,,UE3-EC1,Kahtane,12:00:00,15:00:00,P8 A175,,UE3-EC1,Kahtane,15:00:00,18:00:00
03/12/13,P8 A281,,UE2-EC2,Bouhai,09:00:00,12:00:00,P8 A148,,,,12:00:00,15:00:00,P8 A148,,UE2-EC3,Zivancevic,15:00:00,18:00:00
04/12/13,P8 A148,,UE2-EC1,Reyes,09:00:00,12:00:00,PREF A4,,UE3-EC2,Szoniecky,12:00:00,15:00:00,P8 A148,,,,,
05/12/13,?,,UE4-EC1,Entreprise,09:00:00,12:00:00,?,,UE4-EC2,Entreprise,12:00:00,15:00:00,?,,UE4-EC2,Entreprise,15:00:00,18:00:00
06/12/13,?,,UE4-EC1,Entreprise,09:00:00,12:00:00,?,,UE4-EC2,Entreprise,12:00:00,15:00:00,?,,UE4-EC2,Entreprise,15:00:00,18:00:00
07/12/13,?,,,,09:00:00,12:00:00,?,,,,12:00:00,15:00:00,?,,,,,
08/12/13,?,,,,09:00:00,12:00:00,?,,,,12:00:00,15:00:00,?,,,,,
09/12/13,P8 A175,,UE3-EC1,Kahtane,09:00:00,12:00:00,P8 A175,,UE3-EC1,Kahtane,12:00:00,15:00:00,P8 A175,,,,15:00:00,18:00:00
10/12/13,P8 A281,,UE2-EC2,Bouhai,09:00:00,13:00:00,P8 A148,,,,12:00:00,15:00:00,P8 A148,,UE2-EC3,Zivancevic,15:00:00,18:00:00
11/12/13,P8 A148,,UE2-EC1,Reyes,09:00:00,12:00:00,PREF A4,,,,12:00:00,15:00:00,P8 A148,,,,,
12/12/13,?,,UE4-EC1,Entreprise,09:00:00,12:00:00,?,,UE4-EC2,Entreprise,12:00:00,15:00:00,?,,UE4-EC2,Entreprise,15:00:00,18:00:00
13/12/13,?,,UE4-EC1,Entreprise,09:00:00,12:00:00,?,,UE4-EC2,Entreprise,12:00:00,15:00:00,?,,UE4-EC2,Entreprise,15:00:00,18:00:00
14/12/13,?,,,,09:00:00,12:00:00,?,,,,12:00:00,15:00:00,?,,,,,
15/12/13,?,,,,09:00:00,12:00:00,?,,,,12:00:00,15:00:00,?,,,,,
16/12/13,P8 A175,,UE5_2-EC4,Lacassaigne,09:00:00,12:00:00,P8 A175,,UE5_2-EC4,Lacassaigne,12:00:00,15:00:00,P8 A175,,UE5_2-EC4,Lacassaigne,15:00:00,18:00:00
17/12/13,P8 A281,,UE3-EC2,Szoniecky,09:00:00,12:00:00,P8 A148,,,,12:00:00,15:00:00,P8 A148,,UE2-EC3,Zivancevic,15:00:00,19:00:00
18/12/13,P8 A148,,UE2-EC1,Reyes,09:00:00,12:00:00,PREF A4,,UE3-EC2,Szoniecky,12:00:00,15:00:00,P8 A148,,,,,
19/12/13,?,,UE4-EC1,Entreprise,09:00:00,12:00:00,?,,UE4-EC2,Entreprise,12:00:00,15:00:00,?,,UE4-EC2,Entreprise,15:00:00,18:00:00
20/12/13,?,,UE4-EC1,Entreprise,09:00:00,12:00:00,?,,UE4-EC2,Entreprise,12:00:00,15:00:00,?,,UE4-EC2,Entreprise,15:00:00,18:00:00
21/12/13,?,,,,09:00:00,12:00:00,?,,,,12:00:00,15:00:00,?,,,,,
22/12/13,?,,,,09:00:00,12:00:00,?,,,,12:00:00,15:00:00,?,,,,,
23/12/13,?,,VACANCES,Aucun,09:00:00,12:00:00,?,,VACANCES,Aucun,12:00:00,15:00:00,?,,,,,
24/12/13,?,,VACANCES,Aucun,09:00:00,12:00:00,?,,VACANCES,Aucun,12:00:00,15:00:00,?,,,,,
25/12/13,?,,VACANCES,Aucun,09:00:00,12:00:00,?,,VACANCES,Aucun,12:00:00,15:00:00,?,,,,,
26/12/13,?,,VACANCES,Aucun,09:00:00,12:00:00,?,,VACANCES,Aucun,12:00:00,15:00:00,?,,,,,
27/12/13,?,,VACANCES,Aucun,09:00:00,12:00:00,?,,VACANCES,Aucun,12:00:00,15:00:00,?,,,,,
28/12/13,?,,VACANCES,Aucun,09:00:00,12:00:00,?,,VACANCES,Aucun,12:00:00,15:00:00,?,,,,,
29/12/13,?,,,,09:00:00,12:00:00,?,,,,12:00:00,15:00:00,?,,,,,
30/12/13,?,,VACANCES,Aucun,09:00:00,12:00:00,?,,VACANCES,Aucun,12:00:00,15:00:00,?,,,,,
31/12/13,?,,VACANCES,Aucun,09:00:00,12:00:00,?,,VACANCES,Aucun,12:00:00,15:00:00,?,,,,,
01/01/14,?,,VACANCES,Aucun,09:00:00,12:00:00,?,,VACANCES,Aucun,12:00:00,15:00:00,?,,,,,
02/01/14,?,,VACANCES,Aucun,09:00:00,12:00:00,?,,VACANCES,Aucun,12:00:00,15:00:00,?,,,,,
03/01/14,?,,VACANCES,Aucun,09:00:00,12:00:00,?,,VACANCES,Aucun,12:00:00,15:00:00,?,,,,,
04/01/14,,,,,09:00:00,12:00:00,,,,,12:00:00,15:00:00,?,,,,,
05/01/14,?,,,,09:00:00,12:00:00,?,,,,12:00:00,15:00:00,?,,,,,
06/01/14,P8 A175,,,,09:00:00,12:00:00,P8 A175,,,,12:00:00,15:00:00,P8 A175,,,,,
07/01/14,P8 A281,,UE5_2-EC2,Fredriksson,09:00:00,12:00:00,P8 A148,,UE5_2-EC2,Fredriksson,12:00:00,15:00:00,P8 A148,,UE5_2-EC2,Fredriksson,15:00:00,18:00:00
08/01/14,P8 A148,,UE2-EC1,Reyes,09:00:00,12:00:00,PREF A4,,UE3-EC2,Szoniecky,12:00:00,15:00:00,P8 A148,,,,,
09/01/14,?,,UE4-EC1,Entreprise,09:00:00,12:00:00,?,,UE4-EC2,Entreprise,12:00:00,15:00:00,?,,UE4-EC2,Entreprise,15:00:00,18:00:00
10/01/14,?,,UE4-EC1,Entreprise,09:00:00,12:00:00,?,,UE4-EC2,Entreprise,12:00:00,15:00:00,?,,UE4-EC2,Entreprise,15:00:00,18:00:00
11/01/14,?,,,,09:00:00,12:00:00,?,,,,12:00:00,15:00:00,?,,,,,
12/01/14,?,,,,09:00:00,12:00:00,?,,,,12:00:00,15:00:00,?,,,,,
13/01/14,P8 A175,,UE5_2-EC3,Perconte,09:00:00,12:00:00,P8 A175,,UE5_2-EC3,Perconte,12:00:00,15:00:00,P8 A175,,UE5_2-EC3,Perconte,15:00:00,19:00:00
14/01/14,P8 A281,,UE5_2-EC3,Perconte,09:00:00,12:00:00,P8 A148,,UE5_2-EC3,Perconte,12:00:00,15:00:00,P8 A148,,UE5_2-EC3,Perconte,15:00:00,19:00:00
15/01/14,P8 A148,,UE5_2-EC3,Perconte,09:00:00,12:00:00,PREF A4,,UE5_2-EC3,Perconte,12:00:00,15:00:00,P8 A148,,UE5_2-EC3,Perconte,15:00:00,19:00:00
16/01/14,?,,UE4-EC1,Entreprise,09:00:00,12:00:00,?,,UE4-EC2,Entreprise,12:00:00,15:00:00,?,,UE4-EC2,Entreprise,15:00:00,18:00:00
17/01/14,?,,UE4-EC1,Entreprise,09:00:00,12:00:00,?,,UE4-EC2,Entreprise,12:00:00,15:00:00,?,,UE4-EC2,Entreprise,15:00:00,18:00:00
18/01/14,?,,,,09:00:00,12:00:00,?,,,,12:00:00,15:00:00,?,,,,,
19/01/14,?,,,,09:00:00,12:00:00,?,,,,12:00:00,15:00:00,?,,,,,
20/01/14,?,,UE1-EC1,Azemard,09:00:00,12:00:00,?,,UE1-EC1,Azemard,12:00:00,15:00:00,?,,UE1-EC1,Azemard,15:00:00,18:00:00
21/01/14,?,,UE1-EC1,Azemard,09:00:00,12:00:00,?,,UE1-EC1,Azemard,12:00:00,15:00:00,?,,UE1-EC1,Azemard,15:00:00,18:00:00
22/01/14,?,,UE1-EC1,Azemard,09:00:00,12:00:00,?,,UE1-EC1,Azemard,12:00:00,15:00:00,?,,UE1-EC1,Azemard,15:00:00,19:00:00
23/01/14,?,,UE1-EC1,Azemard,09:00:00,12:00:00,?,,UE1-EC1,Azemard,12:00:00,15:00:00,?,,,,,
24/01/14,?,,UE1-EC1,Azemard,09:00:00,12:00:00,?,,UE1-EC1,Azemard,12:00:00,15:00:00,?,,,,,
25/01/14,?,,,,09:00:00,12:00:00,?,,,,12:00:00,15:00:00,?,,,,,
26/01/14,?,,,,09:00:00,12:00:00,?,,,,12:00:00,15:00:00,?,,,,,
27/01/14,P8 A175,,,,09:00:00,12:00:00,P8 A175,,,,12:00:00,15:00:00,P8 A175,,,,15:00:00,18:00:00
28/01/14,P8 A281,,UE5_2-EC4,Larrive,09:00:00,12:00:00,P8 A148,,UE5_2-EC4,Larrive,12:00:00,15:00:00,P8 A148,,UE2-EC3,Zivancevic,15:00:00,18:00:00
29/01/14,P8 A148,,UE3-EC2,Szoniecky,09:00:00,12:00:00,PREF A4,,UE3-EC2,Szoniecky,12:00:00,15:00:00,P8 A148,,UE3-EC2,Szoniecky,15:00:00,18:00:00
30/01/14,?,,UE4-EC1,Entreprise,09:00:00,12:00:00,?,,UE4-EC2,Entreprise,12:00:00,15:00:00,?,,UE4-EC2,Entreprise,15:00:00,18:00:00
31/01/14,?,,UE4-EC1,Entreprise,09:00:00,12:00:00,?,,UE4-EC2,Entreprise,12:00:00,15:00:00,?,,UE4-EC2,Entreprise,15:00:00,18:00:00
01/02/14,?,,,,09:00:00,12:00:00,?,,,,12:00:00,15:00:00,?,,,,,
02/02/14,?,,,,09:00:00,12:00:00,?,,,,12:00:00,15:00:00,?,,,,,
03/02/14,P8 A175,,UE5_2-EC1,Nyeki,10:00:00,13:00:00,P8 A175,,UE5_2-EC1,Nyeki,13:00:00,16:00:00,P8 A175,,,,,
04/02/14,P8 A281,,UE5_2-EC4,Larrive,09:00:00,12:00:00,P8 A148,,UE1-EC2,Kislin,12:00:00,15:00:00,P8 A148,,UE2-EC3,Zivancevic,15:00:00,18:00:00
05/02/14,P8 A148,,,,09:00:00,12:00:00,PREF A4,,,,12:00:00,15:00:00,P8 A148,,,,,
06/02/14,?,,UE4-EC1,Entreprise,09:00:00,12:00:00,?,,UE4-EC2,Entreprise,12:00:00,15:00:00,?,,UE4-EC2,Entreprise,15:00:00,18:00:00
07/02/14,?,,UE4-EC1,Entreprise,09:00:00,12:00:00,?,,UE4-EC2,Entreprise,12:00:00,15:00:00,?,,UE4-EC2,Entreprise,15:00:00,18:00:00
08/02/14,?,,,,09:00:00,12:00:00,?,,,,12:00:00,15:00:00,?,,,,,
09/02/14,?,,,,09:00:00,12:00:00,?,,,,12:00:00,15:00:00,?,,,,,
10/02/14,P8 A190,,UE3-EC3,Correia,09:00:00,12:00:00,P8 A190,,UE3-EC3,Correia,12:00:00,15:00:00,P8 A190,,UE3-EC3,Correia,15:00:00,18:00:00
11/02/14,P8 A190,,UE5_2-EC1,Yacoub,09:00:00,12:00:00,P8 A190,,UE1-EC2,Kislin,12:00:00,15:00:00,P8 A190,,UE2-EC3,Zivancevic,15:00:00,18:00:00
12/02/14,?,,UE4-EC1,Entreprise,09:00:00,12:00:00,?,,UE4-EC2,Entreprise,12:00:00,15:00:00,?,,UE4-EC2,Entreprise,15:00:00,18:00:00
13/02/14,?,,UE4-EC1,Entreprise,09:00:00,12:00:00,?,,UE4-EC2,Entreprise,12:00:00,15:00:00,?,,UE4-EC2,Entreprise,15:00:00,18:00:00
14/02/14,?,,UE4-EC1,Entreprise,09:00:00,12:00:00,?,,UE4-EC2,Entreprise,12:00:00,15:00:00,?,,UE4-EC2,Entreprise,15:00:00,18:00:00
15/02/14,?,,,,09:00:00,12:00:00,?,,,,12:00:00,15:00:00,?,,,,,
16/02/14,?,,,,09:00:00,12:00:00,?,,,,12:00:00,15:00:00,?,,,,,
17/02/14,P8 A190,,UE3-EC3,Hachour,09:00:00,12:00:00,P8 A190,,UE3-EC3,Hachour,12:00:00,15:00:00,P8 A190,,,,,
18/02/14,P8 A190,,UE5_2-EC1,Yacoub,09:00:00,12:00:00,P8 A190,,UE2-EC2,Kislin,12:00:00,15:00:00,P8 A190,,,,,
19/02/14,?,,UE4-EC1,Entreprise,09:00:00,12:00:00,?,,UE4-EC2,Entreprise,12:00:00,15:00:00,?,,UE4-EC2,Entreprise,15:00:00,18:00:00
20/02/14,?,,UE4-EC1,Entreprise,09:00:00,12:00:00,?,,UE4-EC2,Entreprise,12:00:00,15:00:00,?,,UE4-EC2,Entreprise,15:00:00,18:00:00
21/02/14,?,,UE4-EC1,Entreprise,09:00:00,12:00:00,?,,UE4-EC2,Entreprise,12:00:00,15:00:00,?,,UE4-EC2,Entreprise,15:00:00,18:00:00
22/02/14,?,,,,09:00:00,12:00:00,?,,,,12:00:00,15:00:00,?,,,,,
23/02/14,?,,,,09:00:00,12:00:00,?,,,,12:00:00,15:00:00,?,,,,,
24/02/14,P8 A190,,TUTORAT,Szoniecky,09:00:00,12:00:00,P8 A190,,TUTORAT,Szoniecky,12:00:00,15:00:00,P8 A190,,,,,
25/02/14,P8 A190,,UE5_2-EC1,Yacoub,09:00:00,12:00:00,P8 A190,,UE2-EC2,Kislin,12:00:00,15:00:00,P8 A190,,,,,
26/02/14,?,,UE4-EC1,Entreprise,09:00:00,12:00:00,?,,UE4-EC2,Entreprise,12:00:00,15:00:00,?,,UE4-EC2,Entreprise,15:00:00,18:00:00
27/02/14,?,,UE4-EC1,Entreprise,09:00:00,12:00:00,?,,UE4-EC2,Entreprise,12:00:00,15:00:00,?,,UE4-EC2,Entreprise,15:00:00,18:00:00
28/02/14,?,,UE4-EC1,Entreprise,09:00:00,12:00:00,?,,UE4-EC2,Entreprise,12:00:00,15:00:00,?,,UE4-EC2,Entreprise,15:00:00,18:00:00
01/03/14,?,,,,09:00:00,12:00:00,?,,,,12:00:00,15:00:00,?,,,,,
02/03/14,?,,,,09:00:00,12:00:00,?,,,,12:00:00,15:00:00,?,,,,,
03/03/14,P8 A190,,UE3-EC3,Szoniecky,09:00:00,12:00:00,P8 A190,,UE3-EC3,Szoniecky,12:00:00,15:00:00,P8 A190,,UE3-EC3,Szoniecky,15:00:00,18:00:00
04/03/14,P8 A190,,JURY,Szoniecky,09:00:00,12:00:00,P8 A190,,UE2-EC2,Kislin,12:00:00,15:00:00,P8 A190,,,,,
05/03/14,?,,UE4-EC1,Entreprise,09:00:00,12:00:00,?,,UE4-EC2,Entreprise,12:00:00,15:00:00,?,,UE4-EC2,Entreprise,15:00:00,18:00:00
06/03/14,?,,UE4-EC1,Entreprise,09:00:00,12:00:00,?,,UE4-EC2,Entreprise,12:00:00,15:00:00,?,,UE4-EC2,Entreprise,15:00:00,18:00:00
07/03/14,?,,UE4-EC1,Entreprise,09:00:00,12:00:00,?,,UE4-EC2,Entreprise,12:00:00,15:00:00,?,,UE4-EC2,Entreprise,15:00:00,18:00:00
08/03/14,?,,,,09:00:00,12:00:00,?,,,,12:00:00,15:00:00,?,,,,,
09/03/14,?,,,,09:00:00,12:00:00,?,,,,12:00:00,15:00:00,?,,,,,
10/03/14,P8 A190,,UE3-EC3,Hachour,09:00:00,12:00:00,P8 A190,,UE3-EC3,Hachour,12:00:00,15:00:00,P8 A190,,UE3-EC3,Szoniecky,15:00:00,18:00:00
11/03/14,P8 A190,,,,09:00:00,12:00:00,P8 A190,,UE2-EC1,Wertel-Fournier,12:00:00,15:00:00,P8 A190,,,,,
12/03/14,?,,UE4-EC1,Entreprise,09:00:00,12:00:00,?,,UE4-EC2,Entreprise,12:00:00,15:00:00,?,,UE4-EC2,Entreprise,15:00:00,18:00:00
13/03/14,?,,UE4-EC1,Entreprise,09:00:00,12:00:00,?,,UE4-EC2,Entreprise,12:00:00,15:00:00,?,,UE4-EC2,Entreprise,15:00:00,18:00:00
14/03/14,?,,UE4-EC1,Entreprise,09:00:00,12:00:00,?,,UE4-EC2,Entreprise,12:00:00,15:00:00,?,,UE4-EC2,Entreprise,15:00:00,18:00:00
15/03/14,?,,,,09:00:00,12:00:00,?,,,,12:00:00,15:00:00,?,,,,,
16/03/14,?,,,,09:00:00,12:00:00,?,,,,12:00:00,15:00:00,?,,,,,
17/03/14,P8 A190,,UE3-EC3,Szoniecky,09:00:00,12:00:00,P8 A190,,UE3-EC3,Szoniecky,12:00:00,15:00:00,P8 A190,,UE3-EC3,Szoniecky,15:00:00,18:00:00
18/03/14,P8 A190,,UE5_2-EC1,Nyeki,09:00:00,12:00:00,P8 A190,,UE2-EC1,Wertel-Fournier,12:00:00,15:00:00,P8 A190,,,,,
19/03/14,?,,UE4-EC1,Entreprise,09:00:00,12:00:00,?,,UE4-EC2,Entreprise,12:00:00,15:00:00,?,,UE4-EC2,Entreprise,15:00:00,18:00:00
20/03/14,?,,UE4-EC1,Entreprise,09:00:00,12:00:00,?,,UE4-EC2,Entreprise,12:00:00,15:00:00,?,,UE4-EC2,Entreprise,15:00:00,18:00:00
21/03/14,?,,UE4-EC1,Entreprise,09:00:00,12:00:00,?,,UE4-EC2,Entreprise,12:00:00,15:00:00,?,,UE4-EC2,Entreprise,15:00:00,18:00:00
22/03/14,?,,,,09:00:00,12:00:00,?,,,,12:00:00,15:00:00,?,,,,,
23/03/14,?,,,,09:00:00,12:00:00,?,,,,12:00:00,15:00:00,?,,,,,
24/03/14,P8 A190,,UE3-EC3,Szoniecky,09:00:00,12:00:00,P8 A190,,UE3-EC3,Szoniecky,12:00:00,15:00:00,P8 A190,,UE3-EC3,Szoniecky,15:00:00,18:00:00
25/03/14,P8 A190,,UE5_2-EC1,Nyeki,09:00:00,12:00:00,P8 A190,,UE2-EC1,Wertel-Fournier,12:00:00,15:00:00,P8 A190,,,,,
26/03/14,?,,UE4-EC1,Entreprise,09:00:00,12:00:00,?,,UE4-EC2,Entreprise,12:00:00,15:00:00,?,,UE4-EC2,Entreprise,15:00:00,18:00:00
27/03/14,?,,UE4-EC1,Entreprise,09:00:00,12:00:00,?,,UE4-EC2,Entreprise,12:00:00,15:00:00,?,,UE4-EC2,Entreprise,15:00:00,18:00:00
28/03/14,?,,UE4-EC1,Entreprise,09:00:00,12:00:00,?,,UE4-EC2,Entreprise,12:00:00,15:00:00,?,,UE4-EC2,Entreprise,15:00:00,18:00:00
29/03/14,?,,,,09:00:00,12:00:00,?,,,,12:00:00,15:00:00,?,,,,,
30/03/14,?,,,,09:00:00,12:00:00,?,,,,12:00:00,15:00:00,?,,,,,
31/03/14,P8 A190,,UE3-EC3,Hachour,09:00:00,12:00:00,P8 A190,,UE3-EC3,Hachour,12:00:00,15:00:00,P8 A190,,,,,
01/04/14,P8 A190,,UE5_2-EC1,Nyeki,09:00:00,12:00:00,P8 A190,,JURY,Szoniecky,12:00:00,15:00:00,P8 A190,,,,15:00:00,18:00:00
02/04/14,?,,UE4-EC1,Entreprise,09:00:00,12:00:00,?,,UE4-EC2,Entreprise,12:00:00,15:00:00,?,,UE4-EC2,Entreprise,15:00:00,18:00:00
03/04/14,?,,UE4-EC1,Entreprise,09:00:00,12:00:00,?,,UE4-EC2,Entreprise,12:00:00,15:00:00,?,,UE4-EC2,Entreprise,15:00:00,18:00:00
04/04/14,?,,UE4-EC1,Entreprise,09:00:00,12:00:00,?,,UE4-EC2,Entreprise,12:00:00,15:00:00,?,,UE4-EC2,Entreprise,15:00:00,18:00:00
05/04/14,?,,,,09:00:00,12:00:00,?,,,,12:00:00,15:00:00,?,,,,,
06/04/14,?,,,,09:00:00,12:00:00,?,,,,12:00:00,15:00:00,?,,,,,
07/04/14,P8 A190,,UE3-EC3,Szoniecky,09:00:00,12:00:00,P8 A190,,UE3-EC3,Szoniecky,12:00:00,15:00:00,P8 A190,,UE3-EC3,Szoniecky,15:00:00,18:00:00
08/04/14,P8 A190,,UE5_2-EC4,Bourgeois,09:00:00,12:00:00,P8 A190,,UE5_2-EC4,Bourgeois,12:00:00,15:00:00,P8 A190,,,,,
09/04/14,?,,UE4-EC1,Entreprise,09:00:00,12:00:00,?,,UE4-EC2,Entreprise,12:00:00,15:00:00,?,,UE4-EC2,Entreprise,15:00:00,18:00:00
10/04/14,?,,UE4-EC1,Entreprise,09:00:00,12:00:00,?,,UE4-EC2,Entreprise,12:00:00,15:00:00,?,,UE4-EC2,Entreprise,15:00:00,18:00:00
11/04/14,?,,UE4-EC1,Entreprise,09:00:00,12:00:00,?,,UE4-EC2,Entreprise,12:00:00,15:00:00,?,,UE4-EC2,Entreprise,15:00:00,18:00:00
12/04/14,?,,VACANCES,Aucun,09:00:00,12:00:00,?,,VACANCES,Aucun,12:00:00,15:00:00,?,,,,,
13/04/14,?,,,,09:00:00,12:00:00,?,,,,12:00:00,15:00:00,?,,,,,
14/04/14,?,,VACANCES,Aucun,09:00:00,12:00:00,?,,VACANCES,Aucun,12:00:00,15:00:00,?,,,,,
15/04/14,?,,VACANCES,Aucun,09:00:00,12:00:00,?,,VACANCES,Aucun,12:00:00,15:00:00,?,,,,,
16/04/14,?,,VACANCES,Aucun,09:00:00,12:00:00,?,,VACANCES,Aucun,12:00:00,15:00:00,?,,,,,
17/04/14,?,,VACANCES,Aucun,09:00:00,12:00:00,?,,VACANCES,Aucun,12:00:00,15:00:00,?,,,,,
18/04/14,?,,VACANCES,Aucun,09:00:00,12:00:00,?,,VACANCES,Aucun,12:00:00,15:00:00,?,,,,,
19/04/14,?,,VACANCES,Aucun,09:00:00,12:00:00,?,,VACANCES,Aucun,12:00:00,15:00:00,?,,,,,
20/04/14,?,,,,09:00:00,12:00:00,?,,,,12:00:00,15:00:00,?,,,,,
21/04/14,?,,VACANCES,Aucun,09:00:00,12:00:00,?,,VACANCES,Aucun,12:00:00,15:00:00,?,,,,,
22/04/14,P8 A190,,UE3-EC3,Szoniecky,09:00:00,12:00:00,P8 A190,,UE3-EC3,Szoniecky,12:00:00,15:00:00,?,,,,,
23/04/14,?,,UE4-EC1,Entreprise,09:00:00,12:00:00,?,,UE4-EC2,Entreprise,12:00:00,15:00:00,?,,UE4-EC2,Entreprise,15:00:00,18:00:00
24/04/14,?,,UE4-EC1,Entreprise,09:00:00,12:00:00,?,,UE4-EC2,Entreprise,12:00:00,15:00:00,?,,UE4-EC2,Entreprise,15:00:00,18:00:00
25/04/14,?,,UE4-EC1,Entreprise,09:00:00,12:00:00,?,,UE4-EC2,Entreprise,12:00:00,15:00:00,?,,UE4-EC2,Entreprise,15:00:00,18:00:00
26/04/14,?,,,,09:00:00,12:00:00,?,,,,12:00:00,15:00:00,?,,,,,
27/04/14,?,,,,09:00:00,12:00:00,?,,,,12:00:00,15:00:00,?,,,,,
28/04/14,P8 A190,,UE3-EC3,Szoniecky,09:00:00,12:00:00,P8 A190,,UE3-EC3,Szoniecky,12:00:00,15:00:00,?,,,,,
29/04/14,?,,,,,,,,,,,,,,,,,
30/04/14,?,,UE4-EC1,Entreprise,09:00:00,12:00:00,?,,UE4-EC2,Entreprise,12:00:00,15:00:00,?,,UE4-EC2,Entreprise,15:00:00,18:00:00
01/05/14,?,,UE4-EC1,Entreprise,09:00:00,12:00:00,?,,UE4-EC2,Entreprise,12:00:00,15:00:00,?,,UE4-EC2,Entreprise,15:00:00,18:00:00
02/05/14,?,,UE4-EC1,Entreprise,09:00:00,12:00:00,?,,UE4-EC2,Entreprise,12:00:00,15:00:00,?,,UE4-EC2,Entreprise,15:00:00,18:00:00
03/05/14,?,,,,09:00:00,12:00:00,?,,,,12:00:00,15:00:00,?,,,,,
04/05/14,?,,,,09:00:00,12:00:00,?,,,,12:00:00,15:00:00,?,,,,,
05/05/14,P8 A190,,UE3-EC3,Szoniecky,09:00:00,12:00:00,P8 A190,,UE3-EC3,Szoniecky,12:00:00,15:00:00,?,,,,,
06/05/14,?,,,,09:00:00,12:00:00,?,,,,12:00:00,15:00:00,?,,,,,
07/05/14,?,,UE4-EC1,Entreprise,09:00:00,12:00:00,?,,UE4-EC2,Entreprise,12:00:00,15:00:00,?,,UE4-EC2,Entreprise,15:00:00,18:00:00
08/05/14,?,,UE4-EC1,Entreprise,09:00:00,12:00:00,?,,UE4-EC2,Entreprise,12:00:00,15:00:00,?,,UE4-EC2,Entreprise,15:00:00,18:00:00
09/05/14,?,,UE4-EC1,Entreprise,09:00:00,12:00:00,?,,UE4-EC2,Entreprise,12:00:00,15:00:00,?,,UE4-EC2,Entreprise,15:00:00,18:00:00
10/05/14,?,,,,09:00:00,12:00:00,?,,,,12:00:00,15:00:00,?,,,,,
11/05/14,?,,,,09:00:00,12:00:00,?,,,,12:00:00,15:00:00,?,,,,,
12/05/14,P8 A190,,UE3-EC3,Szoniecky,09:00:00,12:00:00,P8 A190,,UE3-EC3,Szoniecky,12:00:00,15:00:00,?,,,,,
13/05/14,?,,,,09:00:00,12:00:00,?,,,,12:00:00,15:00:00,?,,,,,
14/05/14,?,,UE4-EC1,Entreprise,09:00:00,12:00:00,?,,UE4-EC2,Entreprise,12:00:00,15:00:00,?,,UE4-EC2,Entreprise,15:00:00,18:00:00
15/05/14,?,,UE4-EC1,Entreprise,09:00:00,12:00:00,?,,UE4-EC2,Entreprise,12:00:00,15:00:00,?,,UE4-EC2,Entreprise,15:00:00,18:00:00
16/05/14,?,,UE4-EC1,Entreprise,09:00:00,12:00:00,?,,UE4-EC2,Entreprise,12:00:00,15:00:00,?,,UE4-EC2,Entreprise,15:00:00,18:00:00
17/05/14,?,,,,09:00:00,12:00:00,?,,,,12:00:00,15:00:00,?,,,,,
18/05/14,?,,,,09:00:00,12:00:00,?,,,,12:00:00,15:00:00,?,,,,,
19/05/14,P8 A190,,UE5_2-EC1,Nyeki,09:00:00,12:00:00,P8 A190,,UE5_2-EC1,Nyeki,12:00:00,15:00:00,?,,,,,
20/05/14,P8 A190,,JURY,Szoniecky,09:00:00,12:00:00,P8 A190,,JURY,Szoniecky,12:00:00,15:00:00,?,,,,,
21/05/14,?,,UE4-EC1,Entreprise,09:00:00,12:00:00,?,,UE4-EC2,Entreprise,12:00:00,15:00:00,?,,UE4-EC2,Entreprise,15:00:00,18:00:00
22/05/14,?,,UE4-EC1,Entreprise,09:00:00,12:00:00,?,,UE4-EC2,Entreprise,12:00:00,15:00:00,?,,UE4-EC2,Entreprise,15:00:00,18:00:00
23/05/14,?,,UE4-EC1,Entreprise,09:00:00,12:00:00,?,,UE4-EC2,Entreprise,12:00:00,15:00:00,?,,UE4-EC2,Entreprise,15:00:00,18:00:00
24/05/14,?,,,,09:00:00,12:00:00,?,,,,12:00:00,15:00:00,?,,,,,
25/05/14,?,,,,09:00:00,12:00:00,?,,,,12:00:00,15:00:00,?,,,,,
26/05/14,?,,,,09:00:00,12:00:00,?,,,,12:00:00,15:00:00,?,,,,15:00:00,18:00:00
27/05/14,?,,,,09:00:00,12:00:00,?,,,,12:00:00,15:00:00,?,,,,15:00:00,18:00:00
28/05/14,?,,UE4-EC1,Entreprise,09:00:00,12:00:00,?,,UE4-EC2,Entreprise,12:00:00,15:00:00,?,,UE4-EC2,Entreprise,15:00:00,18:00:00
29/05/14,?,,UE4-EC1,Entreprise,09:00:00,12:00:00,?,,UE4-EC2,Entreprise,12:00:00,15:00:00,?,,UE4-EC2,Entreprise,15:00:00,18:00:00
30/05/14,?,,UE4-EC1,Entreprise,09:00:00,12:00:00,?,,UE4-EC2,Entreprise,12:00:00,15:00:00,?,,UE4-EC2,Entreprise,15:00:00,18:00:00
31/05/14,?,,,,09:00:00,12:00:00,?,,,,12:00:00,15:00:00,?,,,,,
01/06/14,?,,,,09:00:00,12:00:00,?,,,,12:00:00,15:00:00,?,,,,,
02/06/14,?,,STAGE,Entreprise,09:00:00,12:00:00,?,,STAGE,Entreprise,12:00:00,15:00:00,?,,STAGE,Entreprise,15:00:00,18:00:00
03/06/14,?,,STAGE,Entreprise,09:00:00,12:00:00,?,,STAGE,Entreprise,12:00:00,15:00:00,?,,STAGE,Entreprise,15:00:00,18:00:00
04/06/14,?,,STAGE,Entreprise,09:00:00,12:00:00,?,,STAGE,Entreprise,12:00:00,15:00:00,?,,STAGE,Entreprise,15:00:00,18:00:00
05/06/14,?,,STAGE,Entreprise,09:00:00,12:00:00,?,,STAGE,Entreprise,12:00:00,15:00:00,?,,STAGE,Entreprise,15:00:00,18:00:00
06/06/14,?,,STAGE,Entreprise,09:00:00,12:00:00,?,,STAGE,Entreprise,12:00:00,15:00:00,?,,STAGE,Entreprise,15:00:00,18:00:00
07/06/14,?,,,,09:00:00,12:00:00,?,,,,12:00:00,15:00:00,?,,,,,
08/06/14,?,,,,09:00:00,12:00:00,?,,,,12:00:00,15:00:00,?,,,,,
09/06/14,?,,STAGE,Entreprise,09:00:00,12:00:00,?,,STAGE,Entreprise,12:00:00,15:00:00,?,,STAGE,Entreprise,15:00:00,18:00:00
10/06/14,P8 A190,,TUTORAT,Szoniecky,09:00:00,12:00:00,P8 A190,,TUTORAT,Szoniecky,12:00:00,15:00:00,?,,STAGE,Entreprise,15:00:00,18:00:00
11/06/14,?,,STAGE,Entreprise,09:00:00,12:00:00,?,,STAGE,Entreprise,12:00:00,15:00:00,?,,STAGE,Entreprise,15:00:00,18:00:00
12/06/14,?,,STAGE,Entreprise,09:00:00,12:00:00,?,,STAGE,Entreprise,12:00:00,15:00:00,?,,STAGE,Entreprise,15:00:00,18:00:00
13/06/14,?,,STAGE,Entreprise,09:00:00,12:00:00,?,,STAGE,Entreprise,12:00:00,15:00:00,?,,STAGE,Entreprise,15:00:00,18:00:00
14/06/14,?,,,,09:00:00,12:00:00,?,,,,12:00:00,15:00:00,?,,,,,
15/06/14,?,,,,09:00:00,12:00:00,?,,,,12:00:00,15:00:00,?,,,,,
16/06/14,?,,STAGE,Entreprise,09:00:00,12:00:00,?,,STAGE,Entreprise,12:00:00,15:00:00,?,,STAGE,Entreprise,15:00:00,18:00:00
17/06/14,?,,STAGE,Entreprise,09:00:00,12:00:00,?,,STAGE,Entreprise,12:00:00,15:00:00,?,,STAGE,Entreprise,15:00:00,18:00:00
18/06/14,?,,STAGE,Entreprise,09:00:00,12:00:00,?,,STAGE,Entreprise,12:00:00,15:00:00,?,,STAGE,Entreprise,15:00:00,18:00:00
19/06/14,?,,STAGE,Entreprise,09:00:00,12:00:00,?,,STAGE,Entreprise,12:00:00,15:00:00,?,,STAGE,Entreprise,15:00:00,18:00:00
20/06/14,?,,STAGE,Entreprise,09:00:00,12:00:00,?,,STAGE,Entreprise,12:00:00,15:00:00,?,,STAGE,Entreprise,15:00:00,18:00:00
21/06/14,?,,,,09:00:00,12:00:00,?,,,,12:00:00,15:00:00,?,,,,,
22/06/14,?,,,,09:00:00,12:00:00,?,,,,12:00:00,15:00:00,?,,,,,
23/06/14,?,,STAGE,Entreprise,09:00:00,12:00:00,?,,STAGE,Entreprise,12:00:00,15:00:00,?,,STAGE,Entreprise,15:00:00,18:00:00
24/06/14,?,,STAGE,Entreprise,09:00:00,12:00:00,?,,STAGE,Entreprise,12:00:00,15:00:00,?,,STAGE,Entreprise,15:00:00,18:00:00
25/06/14,?,,STAGE,Entreprise,09:00:00,12:00:00,?,,STAGE,Entreprise,12:00:00,15:00:00,?,,STAGE,Entreprise,15:00:00,18:00:00
26/06/14,?,,STAGE,Entreprise,09:00:00,12:00:00,?,,STAGE,Entreprise,12:00:00,15:00:00,?,,STAGE,Entreprise,15:00:00,18:00:00
27/06/14,?,,STAGE,Entreprise,09:00:00,12:00:00,?,,STAGE,Entreprise,12:00:00,15:00:00,?,,STAGE,Entreprise,15:00:00,18:00:00
28/06/14,?,,,,09:00:00,12:00:00,?,,,,12:00:00,15:00:00,?,,,,,
29/06/14,?,,,,09:00:00,12:00:00,?,,,,12:00:00,15:00:00,?,,,,,
30/06/14,?,,STAGE,Entreprise,09:00:00,12:00:00,?,,STAGE,Entreprise,12:00:00,15:00:00,?,,STAGE,Entreprise,15:00:00,18:00:00
01/07/14,?,,STAGE,Entreprise,09:00:00,12:00:00,?,,STAGE,Entreprise,12:00:00,15:00:00,?,,STAGE,Entreprise,15:00:00,18:00:00
02/07/14,?,,STAGE,Entreprise,09:00:00,12:00:00,?,,STAGE,Entreprise,12:00:00,15:00:00,?,,STAGE,Entreprise,15:00:00,18:00:00
03/07/14,?,,STAGE,Entreprise,09:00:00,12:00:00,?,,STAGE,Entreprise,12:00:00,15:00:00,?,,STAGE,Entreprise,15:00:00,18:00:00
04/07/14,?,,STAGE,Entreprise,09:00:00,12:00:00,?,,STAGE,Entreprise,12:00:00,15:00:00,?,,STAGE,Entreprise,15:00:00,18:00:00
05/07/14,?,,,,09:00:00,12:00:00,?,,,,12:00:00,15:00:00,?,,,,,
06/07/14,?,,,,09:00:00,12:00:00,?,,,,12:00:00,15:00:00,?,,,,,
07/07/14,?,,STAGE,Entreprise,09:00:00,12:00:00,?,,STAGE,Entreprise,12:00:00,15:00:00,?,,STAGE,Entreprise,15:00:00,18:00:00
08/07/14,?,,STAGE,Entreprise,09:00:00,12:00:00,?,,STAGE,Entreprise,12:00:00,15:00:00,?,,STAGE,Entreprise,15:00:00,18:00:00
09/07/14,?,,STAGE,Entreprise,09:00:00,12:00:00,?,,STAGE,Entreprise,12:00:00,15:00:00,?,,STAGE,Entreprise,15:00:00,18:00:00
10/07/14,?,,STAGE,Entreprise,09:00:00,12:00:00,?,,STAGE,Entreprise,12:00:00,15:00:00,?,,STAGE,Entreprise,15:00:00,18:00:00
11/07/14,?,,STAGE,Entreprise,09:00:00,12:00:00,?,,STAGE,Entreprise,12:00:00,15:00:00,?,,STAGE,Entreprise,15:00:00,18:00:00
12/07/14,?,,,,09:00:00,12:00:00,?,,,,12:00:00,15:00:00,?,,,,,
13/07/14,?,,,,09:00:00,12:00:00,?,,,,12:00:00,15:00:00,?,,,,,
14/07/14,?,,STAGE,Entreprise,09:00:00,12:00:00,?,,STAGE,Entreprise,12:00:00,15:00:00,?,,STAGE,Entreprise,15:00:00,18:00:00
15/07/14,?,,STAGE,Entreprise,09:00:00,12:00:00,?,,STAGE,Entreprise,12:00:00,15:00:00,?,,STAGE,Entreprise,15:00:00,18:00:00
16/07/14,?,,STAGE,Entreprise,09:00:00,12:00:00,?,,STAGE,Entreprise,12:00:00,15:00:00,?,,STAGE,Entreprise,15:00:00,18:00:00
17/07/14,?,,STAGE,Entreprise,09:00:00,12:00:00,?,,STAGE,Entreprise,12:00:00,15:00:00,?,,STAGE,Entreprise,15:00:00,18:00:00
18/07/14,?,,STAGE,Entreprise,09:00:00,12:00:00,?,,STAGE,Entreprise,12:00:00,15:00:00,?,,STAGE,Entreprise,15:00:00,18:00:00
19/07/14,?,,,,09:00:00,12:00:00,?,,,,12:00:00,15:00:00,?,,,,,
20/07/14,?,,,,09:00:00,12:00:00,?,,,,12:00:00,15:00:00,?,,,,,
21/07/14,?,,STAGE,Entreprise,09:00:00,12:00:00,?,,STAGE,Entreprise,12:00:00,15:00:00,?,,STAGE,Entreprise,15:00:00,18:00:00
22/07/14,?,,STAGE,Entreprise,09:00:00,12:00:00,?,,STAGE,Entreprise,12:00:00,15:00:00,?,,STAGE,Entreprise,15:00:00,18:00:00
23/07/14,?,,STAGE,Entreprise,09:00:00,12:00:00,?,,STAGE,Entreprise,12:00:00,15:00:00,?,,STAGE,Entreprise,15:00:00,18:00:00
24/07/14,?,,STAGE,Entreprise,09:00:00,12:00:00,?,,STAGE,Entreprise,12:00:00,15:00:00,?,,STAGE,Entreprise,15:00:00,18:00:00
25/07/14,?,,STAGE,Entreprise,09:00:00,12:00:00,?,,STAGE,Entreprise,12:00:00,15:00:00,?,,STAGE,Entreprise,15:00:00,18:00:00
26/07/14,?,,,,09:00:00,12:00:00,?,,,,12:00:00,15:00:00,?,,,,,
27/07/14,?,,,,09:00:00,12:00:00,?,,,,12:00:00,15:00:00,?,,,,,
28/07/14,?,,STAGE,Entreprise,09:00:00,12:00:00,?,,STAGE,Entreprise,12:00:00,15:00:00,?,,STAGE,Entreprise,15:00:00,18:00:00
29/07/14,?,,STAGE,Entreprise,09:00:00,12:00:00,?,,STAGE,Entreprise,12:00:00,15:00:00,?,,STAGE,Entreprise,15:00:00,18:00:00
30/07/14,?,,STAGE,Entreprise,09:00:00,12:00:00,?,,STAGE,Entreprise,12:00:00,15:00:00,?,,STAGE,Entreprise,15:00:00,18:00:00
31/07/14,?,,STAGE,Entreprise,09:00:00,12:00:00,?,,STAGE,Entreprise,12:00:00,15:00:00,?,,STAGE,Entreprise,15:00:00,18:00:00
01/08/14,?,,STAGE,Entreprise,09:00:00,12:00:00,?,,STAGE,Entreprise,12:00:00,15:00:00,?,,STAGE,Entreprise,15:00:00,18:00:00
02/08/14,?,,,,09:00:00,12:00:00,?,,,,12:00:00,15:00:00,?,,,,,
03/08/14,?,,,,09:00:00,12:00:00,?,,,,12:00:00,15:00:00,?,,,,,
04/08/14,?,,STAGE,Entreprise,09:00:00,12:00:00,?,,STAGE,Entreprise,12:00:00,15:00:00,?,,STAGE,Entreprise,15:00:00,18:00:00
05/08/14,?,,STAGE,Entreprise,09:00:00,12:00:00,?,,STAGE,Entreprise,12:00:00,15:00:00,?,,STAGE,Entreprise,15:00:00,18:00:00
06/08/14,?,,STAGE,Entreprise,09:00:00,12:00:00,?,,STAGE,Entreprise,12:00:00,15:00:00,?,,STAGE,Entreprise,15:00:00,18:00:00
07/08/14,?,,STAGE,Entreprise,09:00:00,12:00:00,?,,STAGE,Entreprise,12:00:00,15:00:00,?,,STAGE,Entreprise,15:00:00,18:00:00
08/08/14,?,,STAGE,Entreprise,09:00:00,12:00:00,?,,STAGE,Entreprise,12:00:00,15:00:00,?,,STAGE,Entreprise,15:00:00,18:00:00
09/08/14,?,,,,09:00:00,12:00:00,?,,,,12:00:00,15:00:00,?,,,,,
10/08/14,?,,,,09:00:00,12:00:00,?,,,,12:00:00,15:00:00,?,,,,,
11/08/14,?,,STAGE,Entreprise,09:00:00,12:00:00,?,,STAGE,Entreprise,12:00:00,15:00:00,?,,STAGE,Entreprise,15:00:00,18:00:00
12/08/14,?,,STAGE,Entreprise,09:00:00,12:00:00,?,,STAGE,Entreprise,12:00:00,15:00:00,?,,STAGE,Entreprise,15:00:00,18:00:00
13/08/14,?,,STAGE,Entreprise,09:00:00,12:00:00,?,,STAGE,Entreprise,12:00:00,15:00:00,?,,STAGE,Entreprise,15:00:00,18:00:00
14/08/14,?,,STAGE,Entreprise,09:00:00,12:00:00,?,,STAGE,Entreprise,12:00:00,15:00:00,?,,STAGE,Entreprise,15:00:00,18:00:00
15/08/14,?,,STAGE,Entreprise,09:00:00,12:00:00,?,,STAGE,Entreprise,12:00:00,15:00:00,?,,STAGE,Entreprise,15:00:00,18:00:00
16/08/14,?,,,,09:00:00,12:00:00,?,,,,12:00:00,15:00:00,?,,,,,
17/08/14,?,,,,09:00:00,12:00:00,?,,,,12:00:00,15:00:00,?,,,,,
18/08/14,?,,STAGE,Entreprise,09:00:00,12:00:00,?,,STAGE,Entreprise,12:00:00,15:00:00,?,,STAGE,Entreprise,15:00:00,18:00:00
19/08/14,?,,STAGE,Entreprise,09:00:00,12:00:00,?,,STAGE,Entreprise,12:00:00,15:00:00,?,,STAGE,Entreprise,15:00:00,18:00:00
20/08/14,?,,STAGE,Entreprise,09:00:00,12:00:00,?,,STAGE,Entreprise,12:00:00,15:00:00,?,,STAGE,Entreprise,15:00:00,18:00:00
21/08/14,?,,STAGE,Entreprise,09:00:00,12:00:00,?,,STAGE,Entreprise,12:00:00,15:00:00,?,,STAGE,Entreprise,15:00:00,18:00:00
22/08/14,?,,STAGE,Entreprise,09:00:00,12:00:00,?,,STAGE,Entreprise,12:00:00,15:00:00,?,,STAGE,Entreprise,15:00:00,18:00:00
23/08/14,?,,,,09:00:00,12:00:00,?,,,,12:00:00,15:00:00,?,,,,,
24/08/14,?,,,,09:00:00,12:00:00,?,,,,12:00:00,15:00:00,?,,,,,
25/08/14,?,,STAGE,Entreprise,09:00:00,12:00:00,?,,STAGE,Entreprise,12:00:00,15:00:00,?,,STAGE,Entreprise,15:00:00,18:00:00
26/08/14,?,,STAGE,Entreprise,09:00:00,12:00:00,?,,STAGE,Entreprise,12:00:00,15:00:00,?,,STAGE,Entreprise,15:00:00,18:00:00
27/08/14,?,,STAGE,Entreprise,09:00:00,12:00:00,?,,STAGE,Entreprise,12:00:00,15:00:00,?,,STAGE,Entreprise,15:00:00,18:00:00
28/08/14,?,,STAGE,Entreprise,09:00:00,12:00:00,?,,STAGE,Entreprise,12:00:00,15:00:00,?,,STAGE,Entreprise,15:00:00,18:00:00
29/08/14,?,,STAGE,Entreprise,09:00:00,12:00:00,?,,STAGE,Entreprise,12:00:00,15:00:00,?,,STAGE,Entreprise,15:00:00,18:00:00
30/08/14,?,,,,09:00:00,12:00:00,?,,,,12:00:00,15:00:00,?,,,,,
31/08/14,?,,,,09:00:00,12:00:00,?,,,,12:00:00,15:00:00,?,,,,,
01/09/14,?,,STAGE,Entreprise,09:00:00,12:00:00,?,,STAGE,Entreprise,12:00:00,15:00:00,?,,STAGE,Entreprise,15:00:00,18:00:00
02/09/14,?,,STAGE,Entreprise,09:00:00,12:00:00,?,,STAGE,Entreprise,12:00:00,15:00:00,?,,STAGE,Entreprise,15:00:00,18:00:00
03/09/14,?,,STAGE,Entreprise,09:00:00,12:00:00,?,,STAGE,Entreprise,12:00:00,15:00:00,?,,STAGE,Entreprise,15:00:00,18:00:00
04/09/14,?,,STAGE,Entreprise,09:00:00,12:00:00,?,,STAGE,Entreprise,12:00:00,15:00:00,?,,STAGE,Entreprise,15:00:00,18:00:00
05/09/14,?,,STAGE,Entreprise,09:00:00,12:00:00,?,,STAGE,Entreprise,12:00:00,15:00:00,?,,STAGE,Entreprise,15:00:00,18:00:00
06/09/14,?,,,,09:00:00,12:00:00,?,,,,12:00:00,15:00:00,?,,,,,
07/09/14,?,,,,09:00:00,12:00:00,?,,,,12:00:00,15:00:00,?,,,,,
08/09/14,?,,STAGE,Entreprise,09:00:00,12:00:00,?,,STAGE,Entreprise,12:00:00,15:00:00,?,,STAGE,Entreprise,15:00:00,18:00:00
09/09/14,?,,STAGE,Entreprise,09:00:00,12:00:00,?,,STAGE,Entreprise,12:00:00,15:00:00,?,,STAGE,Entreprise,15:00:00,18:00:00
10/09/14,?,,STAGE,Entreprise,09:00:00,12:00:00,?,,STAGE,Entreprise,12:00:00,15:00:00,?,,STAGE,Entreprise,15:00:00,18:00:00
11/09/14,P8 A175,,JURY,Szoniecky,09:00:00,12:00:00,P8 A175,,JURY,Szoniecky,12:00:00,15:00:00,?,,,,15:00:00,18:00:00
12/09/14,P8 A175,,TUTORAT,Szoniecky,09:00:00,12:00:00,P8 A175,,TUTORAT,Szoniecky,12:00:00,15:00:00,?,,,,15:00:00,18:00:00
13/09/14,?,,,,09:00:00,12:00:00,?,,,,12:00:00,15:00:00,?,,,,,
14/09/14,?,,,,09:00:00,12:00:00,?,,,,12:00:00,15:00:00,?,,,,,
