04/10/2013 09:30:00,04/10/2013 12:00:00,VideoHyp,Vidéo et Hypermédia,Mme Bellos Stavroula,P8 A190
04/10/2013 12:00:00,04/10/2013 15:00:00,BDDMI,Base de Données Multimédia et Indexation,Mr Nasreddine BOUHAI,P8 A175
04/10/2013 15:00:00,04/10/2013 18:00:00,,,,
05/10/2013 09:00:00,05/09/2013 12:00:00,ThHyp,Théorie de Hypermédia, Mr Philippe BOOTZ,P8 A190
05/10/2013 12:30:00,05/10/2013 15:00:00,LangHyp,Langages Hypermédias, Samuel Szonieck,P8 A190
05/10/2013 15:00:00,05/10/2013 18:00:00,EService,E-Services, Mr Imad SALEH,P8 A190
06/10/2013 09:30:00,06/10/2013 12:00:00,DesHyp,Design & Hypermédia,Mr Imad SALEH,P8 A190
06/10/2013 12:00:00,06/10/2013 15:00:00,OCP,Les Outils de Conduite de Projets,Khaldoun ZREIK,P8 A190
06/10/2013 15:00:00,06/10/2013 18:00:00,IntWeb,Intégration Web,Nasreddine BOUHAI,P8 A190
07/10/2013 09:00:00,07/10/2013 12:00:00,,,,
07/10/2013 12:00:00,07/10/2013 15:00:00,,,,
07/10/2013 15:00:00,07/10/2013 18:00:00,,,,
08/10/2013 09:00:00,08/10/2013 12:00:00,,,,
08/10/2013 12:00:00,08/10/2013 15:00:00,,,,
08/10/2013 15:00:00,08/10/2013 18:00:00,,,,
11/10/2013 09:00:00,11/10/2013 12:00:00,VideoHyp,Vidéo et Hypermédia,Mme Bellos Stavroula,P8 A190
11/10/2013 12:00:00,11/10/2013 15:00:00,BDDMI,Base de Données Multimédia et Indexation,Mr Nasreddine BOUHAI,P8 A175
11/10/2013 15:00:00,11/10/2013 18:00:00,,,,
12/10/2013 09:00:00,12/09/2013 12:00:00,ThHyp,Théorie de Hypermédia, Mr Philippe BOOTZ,P8 A190
12/10/2013 12:00:00,12/10/2013 15:00:00,LangHyp,Langages Hypermédias, Samuel Szonieck,P8 A190
12/10/2013 15:00:00,12/10/2013 18:00:00,EService,E-Services, Mr Imad SALEH,P8 A190
13/10/2013 09:00:00,13/10/2013 12:00:00,DesHyp,Design & Hypermédia,Mr Imad SALEH,P8 A190
13/10/2013 12:00:00,13/10/2013 15:00:00,OCP,Les Outils de Conduite de Projets,Khaldoun ZREIK,P8 A190
13/10/2013 15:00:00,13/10/2013 18:00:00,IntWeb,Intégration Web,Nasreddine BOUHAI,P8 A190
14/10/2013 09:00:00,14/10/2013 12:00:00,,,,
14/10/2013 12:00:00,14/10/2013 15:00:00,,,,
14/10/2013 15:00:00,14/10/2013 18:00:00,,,,
15/10/2013 09:00:00,15/10/2013 12:00:00,,,,
15/10/2013 12:00:00,15/10/2013 15:00:00,,,,
15/10/2013 15:00:00,15/10/2013 18:00:00,,,,
18/10/2013 09:00:00,18/10/2013 12:00:00,VideoHyp,Vidéo et Hypermédia,Mme Bellos Stavroula,P8 A190
18/10/2013 12:00:00,18/10/2013 15:00:00,BDDMI,Base de Données Multimédia et Indexation,Mr Nasreddine BOUHAI,P8 A175
18/10/2013 15:00:00,18/10/2013 18:00:00,,,,
19/10/2013 09:00:00,19/09/2013 12:00:00,ThHyp,Théorie de Hypermédia, Mr Philippe BOOTZ,P8 A190
19/10/2013 12:00:00,19/10/2013 15:00:00,LangHyp,Langages Hypermédias, Samuel Szonieck,P8 A190
19/10/2013 15:00:00,19/10/2013 18:00:00,EService,E-Services, Mr Imad SALEH,P8 A190
20/10/2013 09:00:00,20/10/2013 12:00:00,DesHyp,Design & Hypermédia,Mr Imad SALEH,P8 A190
20/10/2013 12:00:00,20/10/2013 15:00:00,OCP,Les Outils de Conduite de Projets,Khaldoun ZREIK,P8 A190
20/10/2013 15:00:00,20/10/2013 18:00:00,IntWeb,Intégration Web,Nasreddine BOUHAI,P8 A190
21/10/2013 09:00:00,21/10/2013 12:00:00,,,,
21/10/2013 12:00:00,21/10/2013 15:00:00,,,,
21/10/2013 15:00:00,21/10/2013 18:00:00,,,,
22/10/2013 09:00:00,22/10/2013 12:00:00,,,,
22/10/2013 12:00:00,22/10/2013 15:00:00,,,,
22/10/2013 15:00:00,22/10/2013 18:00:00,,,,
